{"cameraMode":{"drawMode":0,"name":"Shaded","section":"Shading Mode"},"sceneLighting":true,"audioPlay":false,"sceneViewState":{"showFog":true,"showMaterialUpdate":true,"showSkybox":true,"showFlares":true,"showImageEffects":true,"showParticleSystems":true},"in2DMode":false,"pivot":{"x":-23.58519744873047,"y":5.435654163360596,"z":19.890064239501954},"rotation":{"x":-0.01662040315568447,"y":0.5090331435203552,"z":0.009600321762263775,"w":0.8607524633407593},"size":6.543853282928467,"orthographic":false}